,year,month,day,revenuePerDay,arrival_date,label
0,2015,07,1,20311.186621463992,2015-07-01,2.0
1,2015,07,2,16530.645277170002,2015-07-02,1.0
2,2015,07,3,12966.714164,2015-07-03,1.0
3,2015,07,4,17480.654256581,2015-07-04,1.0
4,2015,07,5,19591.45847762,2015-07-05,1.0
5,2015,07,6,21441.591687810003,2015-07-06,2.0
6,2015,07,7,10930.818639550003,2015-07-07,1.0
7,2015,07,8,12148.622651509997,2015-07-08,1.0
8,2015,07,9,10274.330081430002,2015-07-09,1.0
9,2015,07,10,23705.828343310004,2015-07-10,2.0
10,2015,07,11,27216.100987,2015-07-11,2.0
11,2015,07,12,22639.350505169998,2015-07-12,2.0
12,2015,07,13,20809.522841570004,2015-07-13,2.0
13,2015,07,14,15760.514651501,2015-07-14,1.0
14,2015,07,15,12779.152460775997,2015-07-15,1.0
15,2015,07,16,24603.231367720004,2015-07-16,2.0
16,2015,07,17,35427.85498815999,2015-07-17,3.0
17,2015,07,18,37014.806972469996,2015-07-18,3.0
18,2015,07,19,20388.255353130004,2015-07-19,2.0
19,2015,07,20,36553.06021599999,2015-07-20,3.0
20,2015,07,21,15595.747584490002,2015-07-21,1.0
21,2015,07,22,11770.801310443998,2015-07-22,1.0
22,2015,07,23,20703.367788860003,2015-07-23,2.0
23,2015,07,24,29244.417017546995,2015-07-24,2.0
24,2015,07,25,38455.37703570302,2015-07-25,3.0
25,2015,07,26,24547.049655895004,2015-07-26,2.0
26,2015,07,27,32740.541391330004,2015-07-27,3.0
27,2015,07,28,10592.904345383002,2015-07-28,1.0
28,2015,07,29,13586.897246142997,2015-07-29,1.0
29,2015,07,30,21683.680861781002,2015-07-30,2.0
30,2015,07,31,21995.14212003,2015-07-31,2.0
31,2015,08,1,56063.34636204002,2015-08-01,5.0
32,2015,08,2,34373.70723286,2015-08-02,3.0
33,2015,08,3,39216.174107032,2015-08-03,3.0
34,2015,08,4,21667.123815182,2015-08-04,2.0
35,2015,08,5,20127.669037207004,2015-08-05,2.0
36,2015,08,6,18103.363865821,2015-08-06,1.0
37,2015,08,7,27375.020605694008,2015-08-07,2.0
38,2015,08,8,45576.44264549999,2015-08-08,4.0
39,2015,08,9,38533.623110110006,2015-08-09,3.0
40,2015,08,10,61565.40665211699,2015-08-10,6.0
41,2015,08,11,30231.305423424015,2015-08-11,3.0
42,2015,08,12,18156.516874880002,2015-08-12,1.0
43,2015,08,13,25411.05557969,2015-08-13,2.0
44,2015,08,14,44756.70441301902,2015-08-14,4.0
45,2015,08,15,57467.688302920025,2015-08-15,5.0
46,2015,08,16,43211.29006194,2015-08-16,4.0
47,2015,08,17,52351.72815906999,2015-08-17,5.0
48,2015,08,18,31621.367863750005,2015-08-18,3.0
49,2015,08,19,21525.465696448995,2015-08-19,2.0
50,2015,08,20,25384.35786280801,2015-08-20,2.0
51,2015,08,21,34922.43985296,2015-08-21,3.0
52,2015,08,22,55828.07877731996,2015-08-22,5.0
53,2015,08,23,41304.86127486,2015-08-23,4.0
54,2015,08,24,32840.34524887798,2015-08-24,3.0
55,2015,08,25,22720.482326447996,2015-08-25,2.0
56,2015,08,26,15190.620580065002,2015-08-26,1.0
57,2015,08,27,17194.888687379997,2015-08-27,1.0
58,2015,08,28,23928.316905906,2015-08-28,2.0
59,2015,08,29,38179.156974990015,2015-08-29,3.0
60,2015,08,30,22212.566388070005,2015-08-30,2.0
61,2015,08,31,27539.89247679101,2015-08-31,2.0
62,2015,09,1,32384.29725520101,2015-09-01,3.0
63,2015,09,2,18347.807053597997,2015-09-02,1.0
64,2015,09,3,27024.96103474,2015-09-03,2.0
65,2015,09,4,38389.14506172402,2015-09-04,3.0
66,2015,09,5,33333.598854817,2015-09-05,3.0
67,2015,09,6,49654.871932637,2015-09-06,4.0
68,2015,09,7,38682.99153507902,2015-09-07,3.0
69,2015,09,8,21547.471668609,2015-09-08,2.0
70,2015,09,9,29085.881778109997,2015-09-09,2.0
71,2015,09,10,22049.964718422998,2015-09-10,2.0
72,2015,09,11,24300.713686223,2015-09-11,2.0
73,2015,09,12,29244.090432795012,2015-09-12,2.0
74,2015,09,13,24100.12624847601,2015-09-13,2.0
75,2015,09,14,30857.466246190004,2015-09-14,3.0
76,2015,09,15,22274.472939880994,2015-09-15,2.0
77,2015,09,16,24921.358930588987,2015-09-16,2.0
78,2015,09,17,27880.263387023,2015-09-17,2.0
79,2015,09,18,32960.373446763006,2015-09-18,3.0
80,2015,09,19,42005.220270320024,2015-09-19,4.0
81,2015,09,20,32589.66228655499,2015-09-20,3.0
82,2015,09,21,36578.052607936006,2015-09-21,3.0
83,2015,09,22,22464.941979571995,2015-09-22,2.0
84,2015,09,23,36414.750624719,2015-09-23,3.0
85,2015,09,24,25263.745694271995,2015-09-24,2.0
86,2015,09,25,95364.35669385002,2015-09-25,9.0
87,2015,09,26,37017.84413766801,2015-09-26,3.0
88,2015,09,27,19342.48250654301,2015-09-27,1.0
89,2015,09,28,20698.406517224,2015-09-28,2.0
90,2015,09,29,13113.854901510998,2015-09-29,1.0
91,2015,09,30,18953.552262784997,2015-09-30,1.0
92,2015,10,1,24218.035752802007,2015-10-01,2.0
93,2015,10,2,37311.230210312,2015-10-02,3.0
94,2015,10,3,16518.297751184004,2015-10-03,1.0
95,2015,10,4,34147.11381964199,2015-10-04,3.0
96,2015,10,5,28061.10513984,2015-10-05,2.0
97,2015,10,6,27096.777292756,2015-10-06,2.0
98,2015,10,7,26187.263659604007,2015-10-07,2.0
99,2015,10,8,13826.550421050004,2015-10-08,1.0
100,2015,10,9,30166.934730790006,2015-10-09,3.0
101,2015,10,10,23071.412686058,2015-10-10,2.0
102,2015,10,11,16959.715015423993,2015-10-11,1.0
103,2015,10,12,32983.674472359,2015-10-12,3.0
104,2015,10,13,17185.269796159,2015-10-13,1.0
105,2015,10,14,10714.440775731995,2015-10-14,1.0
106,2015,10,15,28044.681802626983,2015-10-15,2.0
107,2015,10,16,26298.888209426,2015-10-16,2.0
108,2015,10,17,12347.192483704996,2015-10-17,1.0
109,2015,10,18,32363.364690570008,2015-10-18,3.0
110,2015,10,19,42844.315597099,2015-10-19,4.0
111,2015,10,20,22136.060042100005,2015-10-20,2.0
112,2015,10,21,15542.308589741002,2015-10-21,1.0
113,2015,10,22,17380.845038685995,2015-10-22,1.0
114,2015,10,23,21025.323553462997,2015-10-23,2.0
115,2015,10,24,17515.964343709995,2015-10-24,1.0
116,2015,10,25,42398.765577049984,2015-10-25,4.0
117,2015,10,26,16775.034453350003,2015-10-26,1.0
118,2015,10,27,7235.040152986001,2015-10-27,0.0
119,2015,10,28,28877.18646104,2015-10-28,2.0
120,2015,10,29,10354.585112563998,2015-10-29,1.0
121,2015,10,30,9708.883835679997,2015-10-30,0.0
122,2015,10,31,13257.650368307999,2015-10-31,1.0
123,2015,11,1,11593.507499126,2015-11-01,1.0
124,2015,11,2,12553.450887092,2015-11-02,1.0
125,2015,11,3,8196.69136372,2015-11-03,0.0
126,2015,11,4,7904.53378661,2015-11-04,0.0
127,2015,11,5,9720.225487875,2015-11-05,0.0
128,2015,11,6,15824.930423953005,2015-11-06,1.0
129,2015,11,7,15827.556813945992,2015-11-07,1.0
130,2015,11,8,11859.700079254997,2015-11-08,1.0
131,2015,11,9,8153.508753344,2015-11-09,0.0
132,2015,11,10,6111.6320305909985,2015-11-10,0.0
133,2015,11,11,7011.9266931679995,2015-11-11,0.0
134,2015,11,12,6836.8192968759995,2015-11-12,0.0
135,2015,11,13,3824.549354054,2015-11-13,0.0
136,2015,11,14,6137.95344902,2015-11-14,0.0
137,2015,11,15,4501.461765749999,2015-11-15,0.0
138,2015,11,16,6898.150954666999,2015-11-16,0.0
139,2015,11,17,7497.349887416001,2015-11-17,0.0
140,2015,11,18,26146.872399088,2015-11-18,2.0
141,2015,11,19,5141.427293952001,2015-11-19,0.0
142,2015,11,20,19546.269101765,2015-11-20,1.0
143,2015,11,21,7079.294668889001,2015-11-21,0.0
144,2015,11,22,9202.44392047,2015-11-22,0.0
145,2015,11,23,28219.13215214201,2015-11-23,2.0
146,2015,11,24,7344.878945686999,2015-11-24,0.0
147,2015,11,25,4079.493634284,2015-11-25,0.0
148,2015,11,26,5357.860540364999,2015-11-26,0.0
149,2015,11,27,14635.395526654003,2015-11-27,1.0
150,2015,11,28,4768.00827783,2015-11-28,0.0
151,2015,11,29,3292.7640638899998,2015-11-29,0.0
152,2015,11,30,6495.086549224,2015-11-30,0.0
153,2015,12,1,3546.278032544001,2015-12-01,0.0
154,2015,12,2,4658.168658605,2015-12-02,0.0
155,2015,12,3,8817.46565847,2015-12-03,0.0
156,2015,12,4,20498.32415063601,2015-12-04,2.0
157,2015,12,5,60522.361501644016,2015-12-05,6.0
158,2015,12,6,8416.90688036,2015-12-06,0.0
159,2015,12,7,1827.7796889499998,2015-12-07,0.0
160,2015,12,8,2762.625987536,2015-12-08,0.0
161,2015,12,9,7247.421477517003,2015-12-09,0.0
162,2015,12,10,4178.473804849,2015-12-10,0.0
163,2015,12,11,4209.640314864,2015-12-11,0.0
164,2015,12,12,5531.740093865002,2015-12-12,0.0
165,2015,12,13,2588.26323045,2015-12-13,0.0
166,2015,12,14,3686.726671826,2015-12-14,0.0
167,2015,12,15,2248.207519538,2015-12-15,0.0
168,2015,12,16,3705.3960559790007,2015-12-16,0.0
169,2015,12,17,5761.670287901001,2015-12-17,0.0
170,2015,12,18,5571.879934379999,2015-12-18,0.0
171,2015,12,19,8223.991474470999,2015-12-19,0.0
172,2015,12,20,5363.347749321001,2015-12-20,0.0
173,2015,12,21,5868.386149045001,2015-12-21,0.0
174,2015,12,22,9863.963504492001,2015-12-22,0.0
175,2015,12,23,15923.985149312,2015-12-23,1.0
176,2015,12,24,9867.91917112,2015-12-24,0.0
177,2015,12,25,7280.643625685,2015-12-25,0.0
178,2015,12,26,23167.660317386,2015-12-26,2.0
179,2015,12,27,24989.32123046,2015-12-27,2.0
180,2015,12,28,18395.755064359997,2015-12-28,1.0
181,2015,12,29,23682.758026499007,2015-12-29,2.0
182,2015,12,30,60522.35381023001,2015-12-30,6.0
183,2015,12,31,24168.032779638997,2015-12-31,2.0
184,2016,01,1,8082.21771126,2016-01-01,0.0
185,2016,01,2,29360.982635209006,2016-01-02,2.0
186,2016,01,3,7383.062235549999,2016-01-03,0.0
187,2016,01,4,12574.068684724,2016-01-04,1.0
188,2016,01,5,3769.538204069999,2016-01-05,0.0
189,2016,01,6,4795.520158872,2016-01-06,0.0
190,2016,01,7,5884.385213806,2016-01-07,0.0
191,2016,01,8,7784.059761760001,2016-01-08,0.0
192,2016,01,9,5834.527645482998,2016-01-09,0.0
193,2016,01,10,9842.64912578,2016-01-10,0.0
194,2016,01,11,4800.54059861,2016-01-11,0.0
195,2016,01,12,4974.324073350001,2016-01-12,0.0
196,2016,01,13,4082.985539291999,2016-01-13,0.0
197,2016,01,14,7481.715033284002,2016-01-14,0.0
198,2016,01,15,11875.907458119,2016-01-15,1.0
199,2016,01,16,7140.154910137,2016-01-16,0.0
200,2016,01,17,4476.7617357,2016-01-17,0.0
201,2016,01,18,6385.150097905999,2016-01-18,0.0
202,2016,01,19,13854.152831892003,2016-01-19,1.0
203,2016,01,20,5578.534285493999,2016-01-20,0.0
204,2016,01,21,8198.154900459998,2016-01-21,0.0
205,2016,01,22,5887.497719198001,2016-01-22,0.0
206,2016,01,23,6616.6090429900005,2016-01-23,0.0
207,2016,01,24,7372.618406249998,2016-01-24,0.0
208,2016,01,25,8510.782282936,2016-01-25,0.0
209,2016,01,26,183.35630250900044,2016-01-26,0.0
210,2016,01,27,7871.115192578,2016-01-27,0.0
211,2016,01,28,8984.607765569997,2016-01-28,0.0
212,2016,01,29,10136.212971859997,2016-01-29,1.0
213,2016,01,30,7264.573008530001,2016-01-30,0.0
214,2016,01,31,6734.21955403,2016-01-31,0.0
215,2016,02,1,6877.1772222419995,2016-02-01,0.0
216,2016,02,2,4126.050150605999,2016-02-02,0.0
217,2016,02,3,10734.189581737,2016-02-03,1.0
218,2016,02,4,12127.802428634,2016-02-04,1.0
219,2016,02,5,17446.035155822003,2016-02-05,1.0
220,2016,02,6,35423.08197714201,2016-02-06,3.0
221,2016,02,7,23430.707328929006,2016-02-07,2.0
222,2016,02,8,15351.88865909,2016-02-08,1.0
223,2016,02,9,6948.874500746002,2016-02-09,0.0
224,2016,02,10,9645.050296586998,2016-02-10,0.0
225,2016,02,11,13502.476365764003,2016-02-11,1.0
226,2016,02,12,24591.98551785101,2016-02-12,2.0
227,2016,02,13,23468.658338187994,2016-02-13,2.0
228,2016,02,14,23006.356114744005,2016-02-14,2.0
229,2016,02,15,12519.39547849,2016-02-15,1.0
230,2016,02,16,8522.580429872003,2016-02-16,0.0
231,2016,02,17,9681.439417729001,2016-02-17,0.0
232,2016,02,18,13310.944901829997,2016-02-18,1.0
233,2016,02,19,21527.372758185997,2016-02-19,2.0
234,2016,02,20,16864.996225823,2016-02-20,1.0
235,2016,02,21,14076.498355638,2016-02-21,1.0
236,2016,02,22,18475.38534281199,2016-02-22,1.0
237,2016,02,23,10595.111930122004,2016-02-23,1.0
238,2016,02,24,10961.176401983,2016-02-24,1.0
239,2016,02,25,11274.212809309005,2016-02-25,1.0
240,2016,02,26,18015.276187041993,2016-02-26,1.0
241,2016,02,27,33115.763430219,2016-02-27,3.0
242,2016,02,28,18918.279238998002,2016-02-28,1.0
243,2016,02,29,12503.195631860002,2016-02-29,1.0
244,2016,03,1,15605.475322545008,2016-03-01,1.0
245,2016,03,2,15396.037452586996,2016-03-02,1.0
246,2016,03,3,17126.264469128,2016-03-03,1.0
247,2016,03,4,20753.148474845002,2016-03-04,2.0
248,2016,03,5,21224.729450723004,2016-03-05,2.0
249,2016,03,6,14477.736480249998,2016-03-06,1.0
250,2016,03,7,27918.227648559998,2016-03-07,2.0
251,2016,03,8,12933.178873042,2016-03-08,1.0
252,2016,03,9,20812.773772242002,2016-03-09,2.0
253,2016,03,10,18019.394490221996,2016-03-10,1.0
254,2016,03,11,22310.736293859998,2016-03-11,2.0
255,2016,03,12,20779.10642870899,2016-03-12,2.0
256,2016,03,13,22813.951828857993,2016-03-13,2.0
257,2016,03,14,20977.581619050005,2016-03-14,2.0
258,2016,03,15,14815.152714197002,2016-03-15,1.0
259,2016,03,16,12040.781486795002,2016-03-16,1.0
260,2016,03,17,22815.940071683,2016-03-17,2.0
261,2016,03,18,22033.156908650002,2016-03-18,2.0
262,2016,03,19,33203.118382095,2016-03-19,3.0
263,2016,03,20,38359.11258182999,2016-03-20,3.0
264,2016,03,21,27353.525706837005,2016-03-21,2.0
265,2016,03,22,16840.100965357004,2016-03-22,1.0
266,2016,03,23,21468.331755392002,2016-03-23,2.0
267,2016,03,24,44161.47508037202,2016-03-24,4.0
268,2016,03,25,27994.40737132299,2016-03-25,2.0
269,2016,03,26,19202.25608228,2016-03-26,1.0
270,2016,03,27,19889.359523740004,2016-03-27,1.0
271,2016,03,28,36691.854296657,2016-03-28,3.0
272,2016,03,29,19754.217950180002,2016-03-29,1.0
273,2016,03,30,18399.287916181005,2016-03-30,1.0
274,2016,03,31,30680.79408855501,2016-03-31,3.0
275,2016,04,1,19845.658790508,2016-04-01,1.0
276,2016,04,2,20619.72134732099,2016-04-02,2.0
277,2016,04,3,22786.908069139998,2016-04-03,2.0
278,2016,04,4,31917.628937750007,2016-04-04,3.0
279,2016,04,5,15332.623301980004,2016-04-05,1.0
280,2016,04,6,23719.353369088,2016-04-06,2.0
281,2016,04,7,23743.734512580995,2016-04-07,2.0
282,2016,04,8,27984.937772323,2016-04-08,2.0
283,2016,04,9,34522.33646173299,2016-04-09,3.0
284,2016,04,10,24636.782611750004,2016-04-10,2.0
285,2016,04,11,36944.69493071799,2016-04-11,3.0
286,2016,04,12,20053.31038576499,2016-04-12,2.0
287,2016,04,13,21290.383383877997,2016-04-13,2.0
288,2016,04,14,18935.847928291994,2016-04-14,1.0
289,2016,04,15,24024.442337405995,2016-04-15,2.0
290,2016,04,16,31472.354268807998,2016-04-16,3.0
291,2016,04,17,33020.11509384999,2016-04-17,3.0
292,2016,04,18,38037.87972080103,2016-04-18,3.0
293,2016,04,19,17398.902701357005,2016-04-19,1.0
294,2016,04,20,25632.97944652902,2016-04-20,2.0
295,2016,04,21,23964.339996053008,2016-04-21,2.0
296,2016,04,22,30391.529822692995,2016-04-22,3.0
297,2016,04,23,36415.41821544002,2016-04-23,3.0
298,2016,04,24,25641.44410325399,2016-04-24,2.0
299,2016,04,25,26373.159573099987,2016-04-25,2.0
300,2016,04,26,26015.915699825993,2016-04-26,2.0
301,2016,04,27,24572.311327164,2016-04-27,2.0
302,2016,04,28,34591.31708185099,2016-04-28,3.0
303,2016,04,29,37647.608910902985,2016-04-29,3.0
304,2016,04,30,37398.66989438798,2016-04-30,3.0
305,2016,05,1,20494.484304604008,2016-05-01,2.0
306,2016,05,2,44806.479946864005,2016-05-02,4.0
307,2016,05,3,16134.415750968,2016-05-03,1.0
308,2016,05,4,22156.053490264007,2016-05-04,2.0
309,2016,05,5,36749.09484509099,2016-05-05,3.0
310,2016,05,6,23079.240463439997,2016-05-06,2.0
311,2016,05,7,29138.872790812013,2016-05-07,2.0
312,2016,05,8,30539.216441821998,2016-05-08,3.0
313,2016,05,9,44381.684450766,2016-05-09,4.0
314,2016,05,10,23128.412751021006,2016-05-10,2.0
315,2016,05,11,26352.024136094995,2016-05-11,2.0
316,2016,05,12,29482.55452149901,2016-05-12,2.0
317,2016,05,13,30607.461441926007,2016-05-13,3.0
318,2016,05,14,24011.442293211006,2016-05-14,2.0
319,2016,05,15,41701.816709538994,2016-05-15,4.0
320,2016,05,16,32640.976404317993,2016-05-16,3.0
321,2016,05,17,29047.24613051602,2016-05-17,2.0
322,2016,05,18,20081.375657672,2016-05-18,2.0
323,2016,05,19,40675.172973037,2016-05-19,4.0
324,2016,05,20,21962.735896880004,2016-05-20,2.0
325,2016,05,21,37747.709594069995,2016-05-21,3.0
326,2016,05,22,33970.490926123,2016-05-22,3.0
327,2016,05,23,24489.528489496002,2016-05-23,2.0
328,2016,05,24,18894.859114073,2016-05-24,1.0
329,2016,05,25,20621.137747965004,2016-05-25,2.0
330,2016,05,26,47164.462179938986,2016-05-26,4.0
331,2016,05,27,13792.30574398,2016-05-27,1.0
332,2016,05,28,15116.63228333,2016-05-28,1.0
333,2016,05,29,49260.37998379501,2016-05-29,4.0
334,2016,05,30,41758.606897072,2016-05-30,4.0
335,2016,05,31,28386.360932545,2016-05-31,2.0
336,2016,06,1,29039.02927221801,2016-06-01,2.0
337,2016,06,2,37576.82809445103,2016-06-02,3.0
338,2016,06,3,31705.037178220013,2016-06-03,3.0
339,2016,06,4,26558.956502603993,2016-06-04,2.0
340,2016,06,5,20781.23835837001,2016-06-05,2.0
341,2016,06,6,59170.412872733,2016-06-06,5.0
342,2016,06,7,19815.344955246997,2016-06-07,1.0
343,2016,06,8,19116.880398536003,2016-06-08,1.0
344,2016,06,9,33583.55200554,2016-06-09,3.0
345,2016,06,10,40900.127473810986,2016-06-10,4.0
346,2016,06,11,28348.13184592701,2016-06-11,2.0
347,2016,06,12,40768.419864309995,2016-06-12,4.0
348,2016,06,13,30249.23570382799,2016-06-13,3.0
349,2016,06,14,20541.821530413006,2016-06-14,2.0
350,2016,06,15,34144.738446754,2016-06-15,3.0
351,2016,06,16,33127.568766738004,2016-06-16,3.0
352,2016,06,17,46596.977413176,2016-06-17,4.0
353,2016,06,18,28062.494726782006,2016-06-18,2.0
354,2016,06,19,36630.722091650015,2016-06-19,3.0
355,2016,06,20,32796.95575468201,2016-06-20,3.0
356,2016,06,21,28655.605048310998,2016-06-21,2.0
357,2016,06,22,20007.362398229983,2016-06-22,2.0
358,2016,06,23,14796.335743189,2016-06-23,1.0
359,2016,06,24,38962.58865152999,2016-06-24,3.0
360,2016,06,25,23402.680433455997,2016-06-25,2.0
361,2016,06,26,63085.079253927,2016-06-26,6.0
362,2016,06,27,34225.584103999994,2016-06-27,3.0
363,2016,06,28,34670.949869472024,2016-06-28,3.0
364,2016,06,29,20237.308265560005,2016-06-29,2.0
365,2016,06,30,35896.266549444,2016-06-30,3.0
366,2016,07,1,33276.384518412,2016-07-01,3.0
367,2016,07,2,35420.183787161,2016-07-02,3.0
368,2016,07,3,42951.074841179994,2016-07-03,4.0
369,2016,07,4,47127.81569387201,2016-07-04,4.0
370,2016,07,5,41711.67126637202,2016-07-05,4.0
371,2016,07,6,36275.051622000006,2016-07-06,3.0
372,2016,07,7,31621.45230611001,2016-07-07,3.0
373,2016,07,8,37415.634200479995,2016-07-08,3.0
374,2016,07,9,43884.85516186597,2016-07-09,4.0
375,2016,07,10,47762.203309625,2016-07-10,4.0
376,2016,07,11,50249.68358031,2016-07-11,5.0
377,2016,07,12,29318.51827980599,2016-07-12,2.0
378,2016,07,13,41838.690522540004,2016-07-13,4.0
379,2016,07,14,38863.26356359001,2016-07-14,3.0
380,2016,07,15,39752.10068606001,2016-07-15,3.0
381,2016,07,16,55765.12459071598,2016-07-16,5.0
382,2016,07,17,54720.71004946001,2016-07-17,5.0
383,2016,07,18,65801.24698702,2016-07-18,6.0
384,2016,07,19,33837.04485941102,2016-07-19,3.0
385,2016,07,20,29135.98918393001,2016-07-20,2.0
386,2016,07,21,51280.03104989999,2016-07-21,5.0
387,2016,07,22,33089.84052603399,2016-07-22,3.0
388,2016,07,23,65968.69512444,2016-07-23,6.0
389,2016,07,24,48443.958485102994,2016-07-24,4.0
390,2016,07,25,59790.771360146995,2016-07-25,5.0
391,2016,07,26,32405.405484180003,2016-07-26,3.0
392,2016,07,27,35857.73366871,2016-07-27,3.0
393,2016,07,28,39785.55137665001,2016-07-28,3.0
394,2016,07,29,37443.90433901998,2016-07-29,3.0
395,2016,07,30,60554.66515672603,2016-07-30,6.0
396,2016,07,31,50009.794591640006,2016-07-31,5.0
397,2016,08,1,88521.30041612002,2016-08-01,8.0
398,2016,08,2,46023.50073623003,2016-08-02,4.0
399,2016,08,3,50111.32642225398,2016-08-03,5.0
400,2016,08,4,56537.49845147404,2016-08-04,5.0
401,2016,08,5,43755.22231089998,2016-08-05,4.0
402,2016,08,6,56693.17933529002,2016-08-06,5.0
403,2016,08,7,49934.008797860006,2016-08-07,4.0
404,2016,08,8,83757.13737380804,2016-08-08,8.0
405,2016,08,9,41222.673508394015,2016-08-09,4.0
406,2016,08,10,36811.82655803998,2016-08-10,3.0
407,2016,08,11,50600.723079210016,2016-08-11,5.0
408,2016,08,12,52688.54397298997,2016-08-12,5.0
409,2016,08,13,66609.72025164003,2016-08-13,6.0
410,2016,08,14,58105.258782289995,2016-08-14,5.0
411,2016,08,15,69668.52278276999,2016-08-15,6.0
412,2016,08,16,58244.115699450005,2016-08-16,5.0
413,2016,08,17,41981.850536314,2016-08-17,4.0
414,2016,08,18,48591.875656505996,2016-08-18,4.0
415,2016,08,19,43181.09214685999,2016-08-19,4.0
416,2016,08,20,69174.37261592998,2016-08-20,6.0
417,2016,08,21,59493.187363970006,2016-08-21,5.0
418,2016,08,22,78092.05230811001,2016-08-22,7.0
419,2016,08,23,38632.44345277999,2016-08-23,3.0
420,2016,08,24,36760.996287142,2016-08-24,3.0
421,2016,08,25,35495.87042072,2016-08-25,3.0
422,2016,08,26,48144.31944786,2016-08-26,4.0
423,2016,08,27,46771.68773709001,2016-08-27,4.0
424,2016,08,28,63238.50773338002,2016-08-28,6.0
425,2016,08,29,45194.471189797994,2016-08-29,4.0
426,2016,08,30,27262.49559829899,2016-08-30,2.0
427,2016,08,31,33541.226839822,2016-08-31,3.0
428,2016,09,1,48266.04180378398,2016-09-01,4.0
429,2016,09,2,39984.693877959995,2016-09-02,3.0
430,2016,09,3,43775.320451026,2016-09-03,4.0
431,2016,09,4,37552.67837103001,2016-09-04,3.0
432,2016,09,5,61457.08947163802,2016-09-05,6.0
433,2016,09,6,32725.007407530007,2016-09-06,3.0
434,2016,09,7,21800.118313188,2016-09-07,2.0
435,2016,09,8,33611.083223148,2016-09-08,3.0
436,2016,09,9,33722.17282816901,2016-09-09,3.0
437,2016,09,10,35875.23303908999,2016-09-10,3.0
438,2016,09,11,43418.18381678001,2016-09-11,4.0
439,2016,09,12,33703.04033499399,2016-09-12,3.0
440,2016,09,13,39151.65587648499,2016-09-13,3.0
441,2016,09,14,22769.31299641101,2016-09-14,2.0
442,2016,09,15,40922.64304353799,2016-09-15,4.0
443,2016,09,16,36410.60699447303,2016-09-16,3.0
444,2016,09,17,32626.473945159996,2016-09-17,3.0
445,2016,09,18,42876.365797649,2016-09-18,4.0
446,2016,09,19,43672.92375497602,2016-09-19,4.0
447,2016,09,20,24706.906654689006,2016-09-20,2.0
448,2016,09,21,30378.362339200998,2016-09-21,3.0
449,2016,09,22,38534.35656174,2016-09-22,3.0
450,2016,09,23,27801.24086581,2016-09-23,2.0
451,2016,09,24,28090.683182489993,2016-09-24,2.0
452,2016,09,25,45426.74965910002,2016-09-25,4.0
453,2016,09,26,45146.70739757301,2016-09-26,4.0
454,2016,09,27,25463.925370289995,2016-09-27,2.0
455,2016,09,28,27135.119740437993,2016-09-28,2.0
456,2016,09,29,24953.03924275101,2016-09-29,2.0
457,2016,09,30,39968.94362496398,2016-09-30,3.0
458,2016,10,1,23101.499872452998,2016-10-01,2.0
459,2016,10,2,38695.496899910024,2016-10-02,3.0
460,2016,10,3,37508.277298615976,2016-10-03,3.0
461,2016,10,4,28303.524044036,2016-10-04,2.0
462,2016,10,5,25768.748599589984,2016-10-05,2.0
463,2016,10,6,28618.707288372,2016-10-06,2.0
464,2016,10,7,35063.151794688,2016-10-07,3.0
465,2016,10,8,20743.30477889,2016-10-08,2.0
466,2016,10,9,31791.709010533996,2016-10-09,3.0
467,2016,10,10,34633.138575597004,2016-10-10,3.0
468,2016,10,11,21968.209034693,2016-10-11,2.0
469,2016,10,12,19728.544235435995,2016-10-12,1.0
470,2016,10,13,26924.033629346006,2016-10-13,2.0
471,2016,10,14,26809.41648889101,2016-10-14,2.0
472,2016,10,15,21286.525973182997,2016-10-15,2.0
473,2016,10,16,52004.52405936001,2016-10-16,5.0
474,2016,10,17,34872.342892222005,2016-10-17,3.0
475,2016,10,18,19487.21476430299,2016-10-18,1.0
476,2016,10,19,21011.810697552002,2016-10-19,2.0
477,2016,10,20,25366.333621611,2016-10-20,2.0
478,2016,10,21,30991.312780349992,2016-10-21,3.0
479,2016,10,22,25141.48625712999,2016-10-22,2.0
480,2016,10,23,41981.96531324698,2016-10-23,4.0
481,2016,10,24,27809.74759728,2016-10-24,2.0
482,2016,10,25,28932.97818623301,2016-10-25,2.0
483,2016,10,26,20510.071609188002,2016-10-26,2.0
484,2016,10,27,20524.182756159003,2016-10-27,2.0
485,2016,10,28,35584.79998220401,2016-10-28,3.0
486,2016,10,29,37511.442166658984,2016-10-29,3.0
487,2016,10,30,38079.938159393,2016-10-30,3.0
488,2016,10,31,30033.421661957993,2016-10-31,3.0
489,2016,11,1,19380.128055543,2016-11-01,1.0
490,2016,11,2,24852.63694995999,2016-11-02,2.0
491,2016,11,3,20231.224161146998,2016-11-03,2.0
492,2016,11,4,24936.414519029,2016-11-04,2.0
493,2016,11,5,23918.39671538699,2016-11-05,2.0
494,2016,11,6,43201.149812709984,2016-11-06,4.0
495,2016,11,7,52451.43822659502,2016-11-07,5.0
496,2016,11,8,14729.922691577003,2016-11-08,1.0
497,2016,11,9,12676.412706680998,2016-11-09,1.0
498,2016,11,10,24499.005234425,2016-11-10,2.0
499,2016,11,11,30290.63821007899,2016-11-11,3.0
500,2016,11,12,25558.67907435,2016-11-12,2.0
501,2016,11,13,29454.683473250003,2016-11-13,2.0
502,2016,11,14,30162.201738717984,2016-11-14,3.0
503,2016,11,15,10942.461174989998,2016-11-15,1.0
504,2016,11,16,18350.377493597,2016-11-16,1.0
505,2016,11,17,19248.238959944007,2016-11-17,1.0
506,2016,11,18,27952.424625709016,2016-11-18,2.0
507,2016,11,19,23188.11660706299,2016-11-19,2.0
508,2016,11,20,15854.258529380999,2016-11-20,1.0
509,2016,11,21,25851.780576200006,2016-11-21,2.0
510,2016,11,22,8337.831265584002,2016-11-22,0.0
511,2016,11,23,10906.345307729003,2016-11-23,1.0
512,2016,11,24,15272.130203928002,2016-11-24,1.0
513,2016,11,25,21702.858392506012,2016-11-25,2.0
514,2016,11,26,14874.32334627,2016-11-26,1.0
515,2016,11,27,15345.34019572,2016-11-27,1.0
516,2016,11,28,13746.310448486001,2016-11-28,1.0
517,2016,11,29,8290.724605947,2016-11-29,0.0
518,2016,11,30,8680.132605249,2016-11-30,0.0
519,2016,12,1,18255.6620907,2016-12-01,1.0
520,2016,12,2,19889.133447482007,2016-12-02,1.0
521,2016,12,3,27734.002145529008,2016-12-03,2.0
522,2016,12,4,15142.26020588,2016-12-04,1.0
523,2016,12,5,23293.063788143012,2016-12-05,2.0
524,2016,12,6,9887.11949462,2016-12-06,0.0
525,2016,12,7,13076.613595462006,2016-12-07,1.0
526,2016,12,8,32749.329807101007,2016-12-08,3.0
527,2016,12,9,12763.634430764003,2016-12-09,1.0
528,2016,12,10,12553.820288814,2016-12-10,1.0
529,2016,12,11,4645.8466607539995,2016-12-11,0.0
530,2016,12,12,7205.102359854998,2016-12-12,0.0
531,2016,12,13,8613.901767239997,2016-12-13,0.0
532,2016,12,14,9069.443959979002,2016-12-14,0.0
533,2016,12,15,7606.9067419170005,2016-12-15,0.0
534,2016,12,16,10168.094048525994,2016-12-16,1.0
535,2016,12,17,15256.199003792004,2016-12-17,1.0
536,2016,12,18,14338.979064907997,2016-12-18,1.0
537,2016,12,19,13172.233161662996,2016-12-19,1.0
538,2016,12,20,12387.070767598005,2016-12-20,1.0
539,2016,12,21,17694.654944825998,2016-12-21,1.0
540,2016,12,22,23733.342579966,2016-12-22,2.0
541,2016,12,23,22451.245308962007,2016-12-23,2.0
542,2016,12,24,28179.654081699995,2016-12-24,2.0
543,2016,12,25,16098.78200495,2016-12-25,1.0
544,2016,12,26,20519.025493282,2016-12-26,2.0
545,2016,12,27,33983.28230432401,2016-12-27,3.0
546,2016,12,28,33209.196885056,2016-12-28,3.0
547,2016,12,29,29442.18797139901,2016-12-29,2.0
548,2016,12,30,60518.61372066203,2016-12-30,6.0
549,2016,12,31,19899.826441160003,2016-12-31,1.0
550,2017,01,1,21081.900780824002,2017-01-01,2.0
551,2017,01,2,30312.212279969994,2017-01-02,3.0
552,2017,01,3,18325.332717240002,2017-01-03,1.0
553,2017,01,4,10933.459321243003,2017-01-04,1.0
554,2017,01,5,11651.146746539998,2017-01-05,1.0
555,2017,01,6,14504.551997714001,2017-01-06,1.0
556,2017,01,7,16545.193695661997,2017-01-07,1.0
557,2017,01,8,14248.767392781998,2017-01-08,1.0
558,2017,01,9,11436.780385381004,2017-01-09,1.0
559,2017,01,10,6247.731641451999,2017-01-10,0.0
560,2017,01,11,7945.93076418,2017-01-11,0.0
561,2017,01,12,12597.004223429993,2017-01-12,1.0
562,2017,01,13,10814.434027655001,2017-01-13,1.0
563,2017,01,14,15757.825200310997,2017-01-14,1.0
564,2017,01,15,19909.56713603299,2017-01-15,1.0
565,2017,01,16,30120.532933289982,2017-01-16,3.0
566,2017,01,17,7675.921852438,2017-01-17,0.0
567,2017,01,18,22921.683725391995,2017-01-18,2.0
568,2017,01,19,21822.612629511998,2017-01-19,2.0
569,2017,01,20,10878.652109695999,2017-01-20,1.0
570,2017,01,21,14021.140548762998,2017-01-21,1.0
571,2017,01,22,19550.304081789993,2017-01-22,1.0
572,2017,01,23,15088.678365810001,2017-01-23,1.0
573,2017,01,24,9118.03932029,2017-01-24,0.0
574,2017,01,25,16346.920430760998,2017-01-25,1.0
575,2017,01,26,12399.84522507,2017-01-26,1.0
576,2017,01,27,17875.017916492998,2017-01-27,1.0
577,2017,01,28,13168.232261668007,2017-01-28,1.0
578,2017,01,29,13356.635935139997,2017-01-29,1.0
579,2017,01,30,14933.176381225003,2017-01-30,1.0
580,2017,01,31,7582.440215264001,2017-01-31,0.0
581,2017,02,1,6966.1231513560015,2017-02-01,0.0
582,2017,02,2,22788.156403668003,2017-02-02,2.0
583,2017,02,3,7778.4132334,2017-02-03,0.0
584,2017,02,4,22630.717277295007,2017-02-04,2.0
585,2017,02,5,25949.455587497992,2017-02-05,2.0
586,2017,02,6,16026.230394376997,2017-02-06,1.0
587,2017,02,7,9285.699361129002,2017-02-07,0.0
588,2017,02,8,11405.780026890003,2017-02-08,1.0
589,2017,02,9,23093.873002446002,2017-02-09,2.0
590,2017,02,10,22176.706009709997,2017-02-10,2.0
591,2017,02,11,20257.999765354,2017-02-11,2.0
592,2017,02,12,36598.97361132501,2017-02-12,3.0
593,2017,02,13,34947.11764643002,2017-02-13,3.0
594,2017,02,14,14546.876319613997,2017-02-14,1.0
595,2017,02,15,23461.937718349996,2017-02-15,2.0
596,2017,02,16,20243.604360903995,2017-02-16,2.0
597,2017,02,17,21695.180668785997,2017-02-17,2.0
598,2017,02,18,22940.843256233995,2017-02-18,2.0
599,2017,02,19,30116.788528011,2017-02-19,3.0
600,2017,02,20,27538.198654103006,2017-02-20,2.0
601,2017,02,21,12863.379828174002,2017-02-21,1.0
602,2017,02,22,20607.342256894004,2017-02-22,2.0
603,2017,02,23,18433.774515138,2017-02-23,1.0
604,2017,02,24,18010.861244246,2017-02-24,1.0
605,2017,02,25,33647.366728476,2017-02-25,3.0
606,2017,02,26,39535.75657904,2017-02-26,3.0
607,2017,02,27,26057.37775300999,2017-02-27,2.0
608,2017,02,28,11082.350891616,2017-02-28,1.0
609,2017,03,1,12952.228086837002,2017-03-01,1.0
610,2017,03,2,29760.288188956012,2017-03-02,2.0
611,2017,03,3,20209.04346666999,2017-03-03,2.0
612,2017,03,4,15544.649663442999,2017-03-04,1.0
613,2017,03,5,35127.056529531015,2017-03-05,3.0
614,2017,03,6,27461.22980489999,2017-03-06,2.0
615,2017,03,7,18843.305162014,2017-03-07,1.0
616,2017,03,8,14715.426616046003,2017-03-08,1.0
617,2017,03,9,17376.510859566,2017-03-09,1.0
618,2017,03,10,29097.814750935002,2017-03-10,2.0
619,2017,03,11,21373.812417536996,2017-03-11,2.0
620,2017,03,12,25266.740585630992,2017-03-12,2.0
621,2017,03,13,31613.162622120002,2017-03-13,3.0
622,2017,03,14,18325.974273901997,2017-03-14,1.0
623,2017,03,15,19879.15487980699,2017-03-15,1.0
624,2017,03,16,27455.168637053004,2017-03-16,2.0
625,2017,03,17,22862.609232605995,2017-03-17,2.0
626,2017,03,18,22910.177677948992,2017-03-18,2.0
627,2017,03,19,36892.170886272994,2017-03-19,3.0
628,2017,03,20,32573.411425820002,2017-03-20,3.0
629,2017,03,21,12938.719166313997,2017-03-21,1.0
630,2017,03,22,15335.601127300002,2017-03-22,1.0
631,2017,03,23,21218.713748954,2017-03-23,2.0
632,2017,03,24,25824.322467477996,2017-03-24,2.0
633,2017,03,25,24410.167606060004,2017-03-25,2.0
634,2017,03,26,32110.801638901983,2017-03-26,3.0
635,2017,03,27,26217.381379336995,2017-03-27,2.0
636,2017,03,28,16185.177703432,2017-03-28,1.0
637,2017,03,29,24002.25552546299,2017-03-29,2.0
638,2017,03,30,33095.297394822,2017-03-30,3.0
639,2017,03,31,36062.10316530999,2017-03-31,3.0
